


INSERT INTO F15_17_EMPLOYEE VALUES('123451001','DUKE',5000,'6823131880','M','DUKE@GMAIL.COM');
INSERT INTO F15_17_EMPLOYEE VALUES('123451002','SEAN',3500,'7406922020','M','SEAN@GMAIL.COM');
INSERT INTO F15_17_EMPLOYEE VALUES('123451003','DAISY',6000,'7569412020','F','DAISY@YMAIL.COM');
INSERT INTO F15_17_EMPLOYEE VALUES('123451004','JACOB',5000,'9346239291','M','JACOB@GMAIL.COM');
INSERT INTO F15_17_EMPLOYEE VALUES('123451005','GLENN',3000,'9346251324','M','GLENN@YAHOO.COM');
INSERT INTO F15_17_EMPLOYEE VALUES('123451006','MARY',5500,'8106923143','F','MARY@GMAIL.COM');
INSERT INTO F15_17_EMPLOYEE VALUES('123451007','JOSEPH',5000,'7306558861','M','JOSEPH@YAHOO.COM');
INSERT INTO F15_17_EMPLOYEE VALUES('123451008','KATIE',6000,'9604239390','F','KATIE@GMAIL.COM');



INSERT INTO F15_17_CATEGORY VALUES('C001','ELECTRONICS');
INSERT INTO F15_17_CATEGORY VALUES('C002','MOBILES');
INSERT INTO F15_17_CATEGORY VALUES('C003','LAPTOPS');
INSERT INTO F15_17_CATEGORY VALUES('C004','SPORTS ACCESSORIES');
INSERT INTO F15_17_CATEGORY VALUES('C005','HOME AND KITCHEN');
INSERT INTO F15_17_CATEGORY VALUES('C006','CLOTHING');



INSERT INTO F15_17_PRODUCT VALUES('P001','SAMSUNG','LED TV','32 INCH HD LED','C001');
INSERT INTO F15_17_PRODUCT VALUES('P002','SONY','LED TV', '55 INCH HD LED','C001');
INSERT INTO F15_17_PRODUCT VALUES('P003','SAMSUNG','WASHING MACHINE','10 KG FULLY AUTOMATIC','C001');
INSERT INTO F15_17_PRODUCT VALUES('P004','LG','REFRIGERATOR','24.1 CU.FT STAINLESS STEEL','C001');
INSERT INTO F15_17_PRODUCT VALUES('P005','CASIO','CAMERA','16MP EXZR850 DIGITAL CAMERA','C001');
INSERT INTO F15_17_PRODUCT VALUES('P006','SONY','CAMERA','20.1MP DSC H300 CYBER SHOT DIGITAL CAMERA','C001');
INSERT INTO F15_17_PRODUCT VALUES('P007','APPLE','IPHONE 6S','A9 PROCESSOR 12MP CAM 3D TOUCH','C002');
INSERT INTO F15_17_PRODUCT VALUES('P008','APPLE','IPHONE 6S PLUS','A9 PROCESSOR 12MP CAM HD RETINA DISPLAY','C002');
INSERT INTO F15_17_PRODUCT VALUES('P009','SAMSUNG','GALAXY S6','EXYNOS PROCESSOR 16MP CAM 5.7 INCH HD DISPLAY','C002');
INSERT INTO F15_17_PRODUCT VALUES('P010','SONY','XPERIA Z3','SNAPDRAGON PROCESSOR 20.1MP CAM 5.2 INCH DISPLAY','C002');
INSERT INTO F15_17_PRODUCT VALUES('P011','SAMSUNG','GALAXY DUOS','1 GHZ PROCESSOR 5MP CAM 4 INCH DISPLAY','C002');
INSERT INTO F15_17_PRODUCT VALUES('P012','APPLE','MACBOOK PRO','I7 PROCESSOR 1TB HDISK 15 INCH RETINA DISPLAY','C003');
INSERT INTO F15_17_PRODUCT VALUES('P013','APPLE','MACBOOK AIR','I5 PROCESSOR 250GB HDISK 13 INCH DISPLAY','C003');
INSERT INTO F15_17_PRODUCT VALUES('P014','SAMSUNG','ATIV BOOK 9 SPIN','I7 PROCESSOR 250GB HDISK 13.3 INCH TOUCH DISPLAY','C003');
INSERT INTO F15_17_PRODUCT VALUES('P015','DELL','ALIENWARE LAPTOP','I7 PROCESSOR 1TB HDISK 14 INCH DISPLAY','C003');
INSERT INTO F15_17_PRODUCT VALUES ('P016','ADIDAS','SHOES','MENS ATHLETIC SHOES SIZE 10','C004');
INSERT INTO F15_17_PRODUCT VALUES('P017','ADIDAS','SHOES','WOMENS SPORTS SHOES SIZE 8','C004');
INSERT INTO F15_17_PRODUCT VALUES('P018','VIZARI','SOCCER BALL','MACHINE STITCHED USA COUNTRY BALL','C004');
INSERT INTO F15_17_PRODUCT VALUES('P019','PRESTIGE','PRESSURE COOKER','3 LITERS ALUMINIUM COOKER','C005');
INSERT INTO F15_17_PRODUCT VALUES('P020','AROMA','RICE COOKER','20 CUPS STAINLESS STEEL COOKER','C005');
INSERT INTO F15_17_PRODUCT VALUES('P021','PUMA','JACKET','LEATHER JACKET SIZE 44','C006');
INSERT INTO F15_17_PRODUCT VALUES('P022','LEE','JEANS','STRAIGHT FIT DOCKSIDE JEANS','C006');
INSERT INTO F15_17_PRODUCT VALUES('P023','US POLO','T-SHIRT','ROUND NECK MENS TSHIRT','C006');
INSERT INTO F15_17_PRODUCT VALUES('P024','US POLO','T-SHIRT','ROUND NECK WOMENS TSHIRT','C006');
INSERT INTO F15_17_PRODUCT VALUES('P025','TASSO','SUIT','NAVY WOOL 2 BUTTON CLOSURE','C006');



INSERT INTO F15_17_SUPPLIER VALUES('S001','ROY','9968343412','M','ROY@GMAIL.COM');
INSERT INTO F15_17_SUPPLIER VALUES('S002','ADAM','8010165883','M','ADAM@GMAIL.COM');
INSERT INTO F15_17_SUPPLIER VALUES('S003','GLORIA','9914123432','F','GLORIA@YMAIL.COM');
INSERT INTO F15_17_SUPPLIER VALUES('S004','KEITH','6515175339','M','KEITH@YAHOO.COM');
INSERT INTO F15_17_SUPPLIER VALUES('S005','ANNIE','7408922020','F','ANNIE@GMAIL.COM');
INSERT INTO F15_17_SUPPLIER VALUES('S006','JOE','7169078690','M','JOE@YAHOO.COM');




INSERT INTO F15_17_SUPPLIES VALUES('S001','P001');
INSERT INTO F15_17_SUPPLIES VALUES('S001','P002');
INSERT INTO F15_17_SUPPLIES VALUES('S001','P003');
INSERT INTO F15_17_SUPPLIES VALUES('S001','P004');
INSERT INTO F15_17_SUPPLIES VALUES('S001','P005');
INSERT INTO F15_17_SUPPLIES VALUES('S001','P006');
INSERT INTO F15_17_SUPPLIES VALUES('S001', 'P008');
INSERT INTO F15_17_SUPPLIES VALUES('S002','P007');
INSERT INTO F15_17_SUPPLIES VALUES('S002','P008');
INSERT INTO F15_17_SUPPLIES VALUES('S002','P009');
INSERT INTO F15_17_SUPPLIES VALUES('S002','P010');
INSERT INTO F15_17_SUPPLIES VALUES('S002','P011');
INSERT INTO F15_17_SUPPLIES VALUES('S002','P012');
INSERT INTO F15_17_SUPPLIES VALUES('S002','P013');
INSERT INTO F15_17_SUPPLIES VALUES('S002','P014');
INSERT INTO F15_17_SUPPLIES VALUES('S002','P015');
INSERT INTO F15_17_SUPPLIES VALUES('S003','P012');
INSERT INTO F15_17_SUPPLIES VALUES('S003','P013');
INSERT INTO F15_17_SUPPLIES VALUES('S003','P015');
INSERT INTO F15_17_SUPPLIES VALUES('S003','P016');
INSERT INTO F15_17_SUPPLIES VALUES('S003','P018');
INSERT INTO F15_17_SUPPLIES VALUES('S004','P011');
INSERT INTO F15_17_SUPPLIES VALUES('S004','P001');
INSERT INTO F15_17_SUPPLIES VALUES('S004','P015');
INSERT INTO F15_17_SUPPLIES VALUES('S004','P016');
INSERT INTO F15_17_SUPPLIES VALUES('S004','P020');
INSERT INTO F15_17_SUPPLIES VALUES('S004','P024');
INSERT INTO F15_17_SUPPLIES VALUES('S005','P017');
INSERT INTO F15_17_SUPPLIES VALUES('S006','P021');
INSERT INTO F15_17_SUPPLIES VALUES('S006','P022');
INSERT INTO F15_17_SUPPLIES VALUES('S006','P023');
INSERT INTO F15_17_SUPPLIES VALUES('S006','P024');
INSERT INTO F15_17_SUPPLIES VALUES('S006','P025');


INSERT INTO F15_17_SUPP_INFO VALUES('S001','P001', 260, 3,'10-MAY-2015');
INSERT INTO F15_17_SUPP_INFO VALUES('S001','P002', 400, 3,'01-AUG-2015');
INSERT INTO F15_17_SUPP_INFO VALUES('S001','P003', 300, 4,'01-NOV-2015');
INSERT INTO F15_17_SUPP_INFO VALUES('S001','P004', 1500, 4, '01-JUL-2015');
INSERT INTO F15_17_SUPP_INFO VALUES('S001','P005', 450, 5, '01-AUG-2015');
INSERT INTO F15_17_SUPP_INFO VALUES('S001','P006', 700, 5, '10-OCT-2015');
INSERT INTO F15_17_SUPP_INFO VALUES('S001', 'P008', 600, 10, '01-OCT-2015');
INSERT INTO F15_17_SUPP_INFO VALUES('S002','P007', 550, 10, '01-AUG-2015');
INSERT INTO F15_17_SUPP_INFO VALUES('S002','P008', 550, 2, '15-AUG-2015');
INSERT INTO F15_17_SUPP_INFO VALUES('S002','P009', 300, 10,'01-OCT-2015');
INSERT INTO F15_17_SUPP_INFO VALUES('S002','P010', 450, 5, '01-AUG-2015');
INSERT INTO F15_17_SUPP_INFO VALUES('S002','P011',180,5, '01-AUG-2015');
INSERT INTO F15_17_SUPP_INFO VALUES('S002','P012', 1400, 5 ,'01-JUN-2015');
INSERT INTO F15_17_SUPP_INFO VALUES('S002','P013', 700, 1, '01-SEP-2015');
INSERT INTO F15_17_SUPP_INFO VALUES('S002','P014', 400, 3,'10-NOV-2015');
INSERT INTO F15_17_SUPP_INFO VALUES('S002','P015', 900, 1,'15-AUG-2015');
INSERT INTO F15_17_SUPP_INFO VALUES('S003','P013', 650, 3, '01-OCT-2015');
INSERT INTO F15_17_SUPP_INFO VALUES('S003','P015', 950, 3,'10-SEP-2015');
INSERT INTO F15_17_SUPP_INFO VALUES('S003','P016',  40, 2,'01-OCT-2015');
INSERT INTO F15_17_SUPP_INFO VALUES('S003','P018', 20, 5,'01-AUG-2015');
INSERT INTO F15_17_SUPP_INFO VALUES('S003','P013',750, 3, '15-NOV-2015');
INSERT INTO F15_17_SUPP_INFO VALUES('S004','P011', 140, 2,'02-OCT-2015');
INSERT INTO F15_17_SUPP_INFO VALUES('S004','P001', 300,5,'01-NOV-2015');
INSERT INTO F15_17_SUPP_INFO VALUES('S004','P015', 900, 5,'15-NOV-2015');
INSERT INTO F15_17_SUPP_INFO VALUES('S004','P016', 50, 5, '01-NOV-2015');
INSERT INTO F15_17_SUPP_INFO VALUES('S004','P020',15, 5, '01-SEP-2015');
INSERT INTO F15_17_SUPP_INFO VALUES('S004','P024', 10, 10, '01-APR-2015');
INSERT INTO F15_17_SUPP_INFO VALUES('S005','P017', 40, 10,'01-JUN-2015');
INSERT INTO F15_17_SUPP_INFO VALUES('S006','P021', 70, 10, '01-AUG-2015');
INSERT INTO F15_17_SUPP_INFO VALUES('S006','P022', 20, 20, '15-OCT-2015' );
INSERT INTO F15_17_SUPP_INFO VALUES('S006','P023', 10, 40, '01-NOV-2015');
INSERT INTO F15_17_SUPP_INFO VALUES('S006', 'P024', 8, 40, '01-OCT-2015');
INSERT INTO F15_17_SUPP_INFO VALUES('S006','P025',150, 5,'10-AUG-2015');



INSERT INTO F15_17_CUSTOMER VALUES('CU01','MIKE','M','01-DEC-1986','MIKE@GMAIL.COM','6827689745','605 Clay Street Reynoldsburg OH 43068');
INSERT INTO F15_17_CUSTOMER VALUES('CU02','KEITH','M','06-JUN-1990','KEITH@YMAIL.COM', '6827854698','719 Lawrence Street Dubuque IA 52001');
INSERT INTO F15_17_CUSTOMER VALUES('CU03','LEO','M', '09-JUL-1987', 'LEO@OUTLOOK.COM', '6826678546', '173 9th Street Hyattsville MD 20782');
INSERT INTO F15_17_CUSTOMER VALUES('CU04', 'KELLY', 'F', '22-FEB-1992', 'KELLY@HOTMAIL.COM','7856753241', '886 North Street Charlotte NC 28205');
INSERT INTO F15_17_CUSTOMER VALUES('CU05', 'TASHA', 'F', '14-MAR-1991', 'TASHA@GMAIL.COM', '7856450981', '316 Andover Court Simpsonville SC 29680');
INSERT INTO F15_17_CUSTOMER VALUES('CU06', 'MICHEL', 'M', '18-OCT-1970', 'MICHEAL@YMAIL.COM', '6841203978', '849 Brookside Drive North Augusta SC 29841');
INSERT INTO F15_17_CUSTOMER VALUES('CU07', 'JORDAN', 'M', '08-NOV-1986', 'JORDAN@OUTLOOK.COM', '4592476094', '657 Route 100 Glenview IL 60025');
INSERT INTO F15_17_CUSTOMER VALUES('CU08', 'JUDE', 'M', '04-APR-1988', 'JUDE@HOTMAIL.COM', '7438568798', '896 Colonial Avenue Oxnard CA 93035');
INSERT INTO F15_17_CUSTOMER VALUES('CU09', 'ASHLEY', 'F', '15-AUG-1991', 'ASHLEY@GMAIL.COM', '6234578094', '625 Pin Oak Drive Natick MA 01760');
INSERT INTO F15_17_CUSTOMER VALUES('CU10', 'NATASHA', 'F', '20-JAN-1989', 'NATASHA@YMAIL.COM', '5678901234', '208 Myrtle Avenue Atlantic City NJ 08401');
INSERT INTO F15_17_CUSTOMER VALUES('CU11', 'JOSH', 'M', '16-SEP-1987', 'JOSH@OUTLOOK.COM', '7836753458', '417 Old York Road East Orange NJ 07017');
INSERT INTO F15_17_CUSTOMER VALUES('CU12', 'BILL', 'M', '20-NOV-1986', 'BILL@HOTMAIL.COM', '7538845567', '212 Front Street South Klamath Falls OR 97603');
INSERT INTO F15_17_CUSTOMER VALUES('CU13', 'STEVE', 'M', '06-JUL-1989', 'STEVE@GMAIL.COM', '9867123045', '972 Garfield Avenue Hanover PA 17331');
INSERT INTO F15_17_CUSTOMER VALUES('CU14', 'LINDA', 'F', '19-MAY-1993', 'LINDA@YMAIL.COM', '6826678899', '443 Canal Street San Pablo CA 94806');
INSERT INTO F15_17_CUSTOMER VALUES('CU15', 'BELLA', 'F', '21-MAR-1995', 'BELLA@OUTLOOK.COM', '7856854321', '443 Canal Street San Pablo CA 94806');
INSERT INTO F15_17_CUSTOMER VALUES('CU16', 'MAT', 'M', '24-FEB-1993', 'MAT@HOTMAIL.COM', '6823678906', '217 Maiden Lane Fargo ND 58102');
INSERT INTO F15_17_CUSTOMER VALUES('CU17', 'CHRIS', 'M', '11-NOV-1988', 'CHRIS@GMAIL.COM', '4528975674', '648 Overlook Circle Midland MI 48640');
INSERT INTO F15_17_CUSTOMER VALUES('CU18', 'RICK', 'M', '15-SEP-1994', 'RICK@YMAIL.COM', '7851234231', '666 Summit Street Bakersfield CA 93306');
INSERT INTO F15_17_CUSTOMER VALUES('CU19', 'ABELLA', 'F', '19-JUN-1989', 'ABELLA@OUTLOOK.COM', '805124143', '815 New Street Jonesborough TN 37659');
INSERT INTO F15_17_CUSTOMER VALUES('CU20', 'MILA', 'F', '20-OCT-1990', 'MILA@HOTMAIL.COM', '9032056703', '602 Sunset Drive Palm Bay FL 32907');



INSERT INTO F15_17_ORDERS VALUES('CU01', 'P001');
INSERT INTO F15_17_ORDERS VALUES('CU02', 'P002');
INSERT INTO F15_17_ORDERS VALUES('CU02', 'P011');
INSERT INTO F15_17_ORDERS VALUES('CU02', 'P018');
INSERT INTO F15_17_ORDERS VALUES('CU03', 'P025');
INSERT INTO F15_17_ORDERS VALUES('CU04', 'P008');
INSERT INTO F15_17_ORDERS VALUES('CU05', 'P008');
INSERT INTO F15_17_ORDERS VALUES('CU05' , 'P005');
INSERT INTO F15_17_ORDERS VALUES('CU06', 'P008');
INSERT INTO F15_17_ORDERS VALUES('CU07', 'P014');
INSERT INTO F15_17_ORDERS VALUES('CU08', 'P005');
INSERT INTO F15_17_ORDERS VALUES('CU08', 'P013');
INSERT INTO F15_17_ORDERS VALUES('CU08', 'P016');
INSERT INTO F15_17_ORDERS VALUES('CU08', 'P022');
INSERT INTO F15_17_ORDERS VALUES('CU09', 'P003');
INSERT INTO F15_17_ORDERS VALUES('CU10', 'P004');
INSERT INTO F15_17_ORDERS VALUES('CU11', 'P006');
INSERT INTO F15_17_ORDERS VALUES('CU14', 'P007');
INSERT INTO F15_17_ORDERS VALUES('CU15', 'P010');
INSERT INTO F15_17_ORDERS VALUES('CU15', 'P017');
INSERT INTO F15_17_ORDERS VALUES('CU16', 'P011');
INSERT INTO F15_17_ORDERS VALUES('CU17', 'P015');
INSERT INTO F15_17_ORDERS VALUES('CU18', 'P017');
INSERT INTO F15_17_ORDERS VALUES('CU19', 'P020');
INSERT INTO F15_17_ORDERS VALUES('CU19', 'P024');
INSERT INTO F15_17_ORDERS VALUES('CU20', 'P017');
INSERT INTO F15_17_ORDERS VALUES('CU20', 'P023');



INSERT INTO F15_17_ORDERS_INFO VALUES('CU01', 'P001', '14-SEP-2015', 500, 1);
INSERT INTO F15_17_ORDERS_INFO VALUES('CU02', 'P002', '07-AUG-2015', 800, 1);
INSERT INTO F15_17_ORDERS_INFO VALUES('CU02' , 'P011', '02-OCT-2015', 200, 1);
INSERT INTO F15_17_ORDERS_INFO VALUES('CU02' , 'P018', '16-AUG-2015', 75, 1);
INSERT INTO F15_17_ORDERS_INFO VALUES('CU03', 'P025', '10-AUG-2015', 250, 5);
INSERT INTO F15_17_ORDERS_INFO VALUES('CU04', 'P008', '10-OCT-2015', 700, 1);
INSERT INTO F15_17_ORDERS_INFO VALUES('CU05', 'P008', '30-OCT-2015', 650, 1);
INSERT INTO F15_17_ORDERS_INFO VALUES('CU05' , 'P005', '18-SEP-2015' , 800, 2);
INSERT INTO F15_17_ORDERS_INFO VALUES('CU06', 'P008', '30-OCT-2015', 650, 1);
INSERT INTO F15_17_ORDERS_INFO VALUES('CU07', 'P014', '10-NOV-2015', 800, 1);
INSERT INTO F15_17_ORDERS_INFO VALUES('CU08', 'P005', '15-NOV-2015', 600, 1);
INSERT INTO F15_17_ORDERS_INFO VALUES('CU08', 'P013', '26-SEP-2015', 1100, 1);
INSERT INTO F15_17_ORDERS_INFO VALUES('CU08', 'P016', '02-OCT-2015', 120, 1);
INSERT INTO F15_17_ORDERS_INFO VALUES('CU08', 'P022', '08-NOV-2015', 60, 5);
INSERT INTO F15_17_ORDERS_INFO VALUES('CU09', 'P003', '24-OCT-2015', 500, 1);
INSERT INTO F15_17_ORDERS_INFO VALUES('CU10', 'P004', '16-JUL-2015', 2200, 1);
INSERT INTO F15_17_ORDERS_INFO VALUES('CU11', 'P006', '07-NOV-2015', 950, 1);
INSERT INTO F15_17_ORDERS_INFO VALUES('CU14','P007','13-SEP-2015', 500, 1);
INSERT INTO F15_17_ORDERS_INFO VALUES('CU15', 'P010', '15-AUG-2015', 600, 1);
INSERT INTO F15_17_ORDERS_INFO VALUES('CU15' , 'P017', '22-AUG-2015', 110, 1);
INSERT INTO F15_17_ORDERS_INFO VALUES('CU16', 'P011', '20-AUG-2015', 250, 1);
INSERT INTO F15_17_ORDERS_INFO VALUES('CU17', 'P015', '14-SEP-2015', 1300, 4);
INSERT INTO F15_17_ORDERS_INFO VALUES('CU18', 'P017', '15-NOV-2015', 150, 1);
INSERT INTO F15_17_ORDERS_INFO VALUES('CU19', 'P020', '11-NOV-2015', 80, 2);
INSERT INTO F15_17_ORDERS_INFO VALUES('CU19' , 'P024', '03-MAY-2015',45,10);
INSERT INTO F15_17_ORDERS_INFO VALUES('CU20', 'P023', '12-OCT-2015', 40, 10);
INSERT INTO F15_17_ORDERS_INFO VALUES('CU20' , 'P017', '20-JUN-2015', 100,1);





INSERT INTO F15_17_RETURNS VALUES('CU10', 'P004', 'SCRATCHES ON DOOR');
INSERT INTO F15_17_RETURNS VALUES('CU05', 'P005', 'BROKEN CAMERA LENS');
INSERT INTO F15_17_RETURNS VALUES('CU02', 'P011', 'PHONE NOT CHARGING');
INSERT INTO F15_17_RETURNS VALUES('CU19', 'P024', 'WRONG ITEM SENT');
INSERT INTO F15_17_RETURNS VALUES('CU20', 'P017', 'TOO LARGE SIZE');
INSERT INTO F15_17_RETURNS VALUES('CU02', 'P018', 'AIR LEAKING FROM SIDES');
INSERT INTO F15_17_RETURNS VALUES('CU15', 'P017', 'WRONG ITEM SENT');





INSERT INTO F15_17_RETURNS_INFO VALUES('CU10', 'P004', '16-JUN-2015', 1);
INSERT INTO F15_17_RETURNS_INFO VALUES('CU05', 'P005', '20-SEP-2015', 1);
INSERT INTO F15_17_RETURNS_INFO VALUES('CU02', 'P011', '08-OCT-2015', 1);
INSERT INTO F15_17_RETURNS_INFO VALUES('CU19', 'P024', '07-MAY-2015', 1);
INSERT INTO F15_17_RETURNS_INFO VALUES('CU20', 'P017', '23-JUN-2015', 1);
INSERT INTO F15_17_RETURNS_INFO VALUES('CU02', 'P018', '20-AUG-2015', 1);
INSERT INTO F15_17_RETURNS_INFO VALUES('CU15', 'P017', '25-AUG-2015', 1);


INSERT INTO F15_17_SHIPS VALUES('123451001', 'CU01', 'P001', '26-SEP-2015');
INSERT INTO F15_17_SHIPS VALUES('123451002', 'CU02', 'P002', '18-AUG-2015');
INSERT INTO F15_17_SHIPS VALUES('123451006', 'CU02', 'P011', '8-OCT-2015');
INSERT INTO F15_17_SHIPS VALUES('123451007', 'CU02', 'P018', '20-AUG-2015');
INSERT INTO F15_17_SHIPS VALUES('123451003', 'CU03', 'P025', '15-AUG-2015');
INSERT INTO F15_17_SHIPS VALUES('123451004', 'CU04', 'P008', '14-OCT-2015');
INSERT INTO F15_17_SHIPS VALUES('123451005', 'CU05', 'P008', '02-NOV-2015');
INSERT INTO F15_17_SHIPS VALUES('123451001', 'CU05', 'P005', '20-SEP-2015');
INSERT INTO F15_17_SHIPS VALUES('123451006', 'CU06', 'P008', '08-NOV-2015');
INSERT INTO F15_17_SHIPS VALUES('123451007', 'CU07', 'P014', '10-NOV-2015');
INSERT INTO F15_17_SHIPS VALUES('123451008', 'CU08', 'P005', '02-NOV-2015');
INSERT INTO F15_17_SHIPS VALUES('123451001', 'CU08', 'P013', '08-OCT-2015');
INSERT INTO F15_17_SHIPS VALUES('123451002', 'CU08', 'P016', '17-OCT-2015');
INSERT INTO F15_17_SHIPS VALUES('123451003', 'CU08', 'P022', '22-NOV-2015');
INSERT INTO F15_17_SHIPS VALUES('123451004', 'CU09', 'P003', '03-NOV-2015');
INSERT INTO F15_17_SHIPS VALUES('123451005', 'CU10', 'P004', '01-AUG-2015');
INSERT INTO F15_17_SHIPS VALUES('123451006', 'CU11', 'P006', '11-NOV-2015');
INSERT INTO F15_17_SHIPS VALUES('123451007', 'CU14', 'P007', '25-SEP-2015');
INSERT INTO F15_17_SHIPS VALUES('123451008', 'CU15', 'P010', '27-AUG-2015');
INSERT INTO F15_17_SHIPS VALUES('123451002', 'CU15', 'P017', '25-AUG-2015');
INSERT INTO F15_17_SHIPS VALUES('123451001', 'CU16', 'P011', '02-SEP-2015');
INSERT INTO F15_17_SHIPS VALUES('123451002', 'CU17', 'P015', '26-SEP-2015');
INSERT INTO F15_17_SHIPS VALUES('123451003', 'CU18', 'P017', '15-NOV-2015');
INSERT INTO F15_17_SHIPS VALUES('123451004', 'CU19', 'P020', '17-NOV-2015');
INSERT INTO F15_17_SHIPS VALUES('123451005' , 'CU19' , 'P024', '07-MAY-2015');
INSERT INTO F15_17_SHIPS VALUES('123451005', 'CU20', 'P023', '12-OCT-2015');
INSERT INTO F15_17_SHIPS VALUES('123451002', 'CU20', 'P017', '23-JUN-2015');




INSERT INTO F15_17_SHIPS_INFO VALUES('123451001', 'CU01', 'P001',1, '19-SEP-2015');
INSERT INTO F15_17_SHIPS_INFO VALUES('123451002', 'CU02', 'P002',1, '11-AUG-2015');
INSERT INTO F15_17_SHIPS_INFO VALUES('123451006', 'CU02', 'P011',1, '05-OCT-2015');
INSERT INTO F15_17_SHIPS_INFO VALUES('123451007', 'CU02', 'P018',1, '18-AUG-2015');
INSERT INTO F15_17_SHIPS_INFO VALUES('123451003', 'CU03', 'P025',5, '12-AUG-2015');
INSERT INTO F15_17_SHIPS_INFO VALUES('123451004', 'CU04', 'P008',1, '11-OCT-2015');
INSERT INTO F15_17_SHIPS_INFO VALUES('123451005', 'CU05', 'P008',1, '30-OCT-2015');
INSERT INTO F15_17_SHIPS_INFO VALUES('123451001', 'CU05', 'P005',2, '18-SEP-2015'); 
INSERT INTO F15_17_SHIPS_INFO VALUES('123451006', 'CU06', 'P008',1, '05-NOV-2015');
INSERT INTO F15_17_SHIPS_INFO VALUES('123451007', 'CU07', 'P014',1, '10-NOV-2015');
INSERT INTO F15_17_SHIPS_INFO VALUES('123451008', 'CU08', 'P005',1, '01-NOV-2015');
INSERT INTO F15_17_SHIPS_INFO VALUES('123451001', 'CU08', 'P013',1, '01-OCT-2015');
INSERT INTO F15_17_SHIPS_INFO VALUES('123451002', 'CU08', 'P016',1, '10-OCT-2015');
INSERT INTO F15_17_SHIPS_INFO VALUES('123451003', 'CU08', 'P022',5, '15-NOV-2015');
INSERT INTO F15_17_SHIPS_INFO VALUES('123451004', 'CU09', 'P003',1, '29-OCT-2015');
INSERT INTO F15_17_SHIPS_INFO VALUES('123451005', 'CU10', 'P004',1, '08-AUG-2015');
INSERT INTO F15_17_SHIPS_INFO VALUES('123451006', 'CU11', 'P006',1, '07-NOV-2015');
INSERT INTO F15_17_SHIPS_INFO VALUES('123451007', 'CU14', 'P007',1, '18-SEP-2015');
INSERT INTO F15_17_SHIPS_INFO VALUES('123451008', 'CU15', 'P010',1, '20-AUG-2015');
INSERT INTO F15_17_SHIPS_INFO VALUES('123451002', 'CU15', 'P017',1, '23-AUG-2015');
INSERT INTO F15_17_SHIPS_INFO VALUES('123451001', 'CU16', 'P011',1, '25-AUG-2015');
INSERT INTO F15_17_SHIPS_INFO VALUES('123451002', 'CU17', 'P015',4, '19-SEP-2015');
INSERT INTO F15_17_SHIPS_INFO VALUES('123451003', 'CU18', 'P017',1, '15-NOV-2015');
INSERT INTO F15_17_SHIPS_INFO VALUES('123451004', 'CU19', 'P020',2, '16-NOV-2015');
INSERT INTO F15_17_SHIPS_INFO VALUES('123451005', 'CU19', 'P024',10, '05-MAY-2015');
INSERT INTO F15_17_SHIPS_INFO VALUES('123451005', 'CU20', 'P023',10, '12-OCT-2015');
INSERT INTO F15_17_SHIPS_INFO VALUES('123451002', 'CU20', 'P017',1, '21-JUN-2015');



COMMIT;
